Roll Number,Score
200509,19.906857933695882
200972,18.85540443919478
